Driver,LapNumber,Position,LapTime,Sector1Time,Sector2Time,Sector3Time,MaxSpeed,Compound
VER,1.0,1.0,130.735,,64.045,31.458,184.0,MEDIUM
VER,2.0,1.0,,,56.617,39.032,126.0,MEDIUM
VER,3.0,1.0,,,42.768,18.603,285.0,MEDIUM
VER,4.0,1.0,96.472,34.772,43.042,18.658,284.0,MEDIUM
VER,5.0,1.0,96.437,34.69,43.035,18.712,286.0,MEDIUM
VER,6.0,1.0,96.855,34.965,43.196,18.694,286.0,MEDIUM
VER,7.0,1.0,96.97,34.987,43.3,18.683,284.0,MEDIUM
VER,8.0,1.0,97.329,35.112,43.412,18.805,287.0,MEDIUM
VER,9.0,1.0,97.178,35.132,43.298,18.748,288.0,MEDIUM
VER,10.0,1.0,97.59,35.45,43.353,18.787,286.0,MEDIUM
VER,11.0,1.0,97.774,35.32,43.622,18.832,287.0,MEDIUM
VER,12.0,1.0,97.753,35.415,43.468,18.87,285.0,MEDIUM
VER,13.0,1.0,97.727,35.365,43.511,18.851,288.0,MEDIUM
VER,14.0,1.0,97.91,35.432,43.612,18.866,286.0,MEDIUM
VER,15.0,1.0,97.854,35.465,43.565,18.824,285.0,MEDIUM
VER,16.0,1.0,100.272,35.594,43.595,21.083,286.0,MEDIUM
VER,17.0,2.0,116.478,54.634,43.113,18.731,280.0,MEDIUM
VER,18.0,2.0,96.822,34.981,43.108,18.733,283.0,MEDIUM
VER,19.0,2.0,96.252,34.857,42.769,18.626,286.0,MEDIUM
VER,20.0,2.0,96.402,34.885,42.974,18.543,297.0,MEDIUM
VER,21.0,1.0,95.617,34.242,42.833,18.542,286.0,MEDIUM
VER,22.0,1.0,96.384,34.914,42.902,18.568,286.0,MEDIUM
VER,23.0,1.0,96.205,34.81,42.855,18.54,286.0,MEDIUM
VER,24.0,1.0,96.532,34.895,43.008,18.629,286.0,MEDIUM
VER,25.0,1.0,96.337,34.677,43.075,18.585,287.0,MEDIUM
VER,26.0,1.0,96.437,34.874,42.952,18.611,287.0,MEDIUM
VER,27.0,1.0,96.654,34.936,42.975,18.743,287.0,MEDIUM
VER,28.0,1.0,96.496,34.883,43.01,18.603,287.0,MEDIUM
VER,29.0,1.0,96.655,35.02,43.016,18.619,289.0,MEDIUM
VER,30.0,1.0,96.849,35.05,43.132,18.667,288.0,MEDIUM
VER,31.0,1.0,96.761,34.998,43.147,18.616,289.0,MEDIUM
VER,32.0,1.0,96.92,35.134,43.092,18.694,291.0,MEDIUM
VER,33.0,1.0,97.048,35.182,43.181,18.685,292.0,MEDIUM
VER,34.0,1.0,99.226,35.038,43.228,20.96,293.0,MEDIUM
VER,35.0,2.0,115.503,54.547,42.486,18.47,297.0,HARD
VER,36.0,1.0,94.619,34.203,42.165,18.251,296.0,HARD
VER,37.0,1.0,94.97,34.373,42.368,18.229,298.0,HARD
VER,38.0,1.0,94.986,34.217,42.272,18.497,295.0,HARD
VER,39.0,1.0,94.494,34.097,42.145,18.252,294.0,HARD
VER,40.0,1.0,94.343,33.952,42.124,18.267,295.0,HARD
VER,41.0,1.0,94.273,33.997,42.069,18.207,297.0,HARD
VER,42.0,1.0,94.965,33.901,42.756,18.308,297.0,HARD
VER,43.0,1.0,94.303,33.837,42.139,18.327,297.0,HARD
VER,44.0,1.0,94.455,33.813,42.303,18.339,297.0,HARD
VER,45.0,1.0,94.606,34.085,42.138,18.383,297.0,HARD
VER,46.0,1.0,94.61,34.073,42.272,18.265,301.0,HARD
VER,47.0,1.0,95.113,34.21,42.527,18.376,301.0,HARD
VER,48.0,1.0,95.75,34.496,42.871,18.383,299.0,HARD
VER,49.0,1.0,94.885,34.097,42.487,18.301,302.0,HARD
VER,50.0,1.0,93.706,33.404,42.141,18.161,298.0,HARD
VER,51.0,1.0,94.768,33.964,42.405,18.399,297.0,HARD
VER,52.0,1.0,94.97,34.158,42.422,18.39,299.0,HARD
VER,53.0,1.0,95.263,34.299,42.417,18.547,295.0,HARD
PER,1.0,4.0,132.767,,65.032,31.841,169.0,MEDIUM
PER,2.0,2.0,,,56.894,40.221,152.0,MEDIUM
PER,3.0,2.0,,,42.877,18.696,290.0,MEDIUM
PER,4.0,2.0,96.573,34.694,43.203,18.676,296.0,MEDIUM
PER,5.0,2.0,96.568,34.558,43.311,18.699,297.0,MEDIUM
PER,6.0,2.0,97.693,35.008,43.981,18.704,290.0,MEDIUM
PER,7.0,2.0,97.308,35.091,43.396,18.821,286.0,MEDIUM
PER,8.0,2.0,97.22,35.093,43.381,18.746,295.0,MEDIUM
PER,9.0,2.0,97.838,35.37,43.6,18.868,293.0,MEDIUM
PER,10.0,2.0,97.926,35.593,43.554,18.779,295.0,MEDIUM
PER,11.0,2.0,98.216,35.512,43.802,18.902,292.0,MEDIUM
PER,12.0,2.0,98.156,35.539,43.77,18.847,293.0,MEDIUM
PER,13.0,2.0,98.125,35.462,43.857,18.806,295.0,MEDIUM
PER,14.0,2.0,98.505,35.721,43.889,18.895,292.0,MEDIUM
PER,15.0,2.0,100.906,35.617,43.864,21.425,294.0,MEDIUM
PER,16.0,6.0,114.826,53.869,42.481,18.476,291.0,MEDIUM
PER,17.0,5.0,97.428,34.678,43.951,18.799,284.0,MEDIUM
PER,18.0,4.0,97.844,35.342,43.801,18.701,293.0,MEDIUM
PER,19.0,4.0,96.436,34.925,42.989,18.522,296.0,MEDIUM
PER,20.0,4.0,96.206,34.808,42.946,18.452,298.0,MEDIUM
PER,21.0,4.0,96.558,34.994,43.049,18.515,298.0,MEDIUM
PER,22.0,3.0,97.264,34.92,43.437,18.907,305.0,MEDIUM
PER,23.0,3.0,96.656,34.723,43.265,18.668,297.0,MEDIUM
PER,24.0,3.0,96.921,34.839,43.391,18.691,300.0,MEDIUM
PER,25.0,3.0,97.76,35.304,43.717,18.739,302.0,MEDIUM
PER,26.0,2.0,97.689,35.496,43.536,18.657,291.0,MEDIUM
PER,27.0,2.0,96.843,34.947,43.279,18.617,295.0,MEDIUM
PER,28.0,2.0,96.733,34.875,43.263,18.595,295.0,MEDIUM
PER,29.0,2.0,96.969,35.035,43.263,18.671,296.0,MEDIUM
PER,30.0,2.0,97.097,35.201,43.289,18.607,296.0,MEDIUM
PER,31.0,2.0,97.118,35.15,43.356,18.612,295.0,MEDIUM
PER,32.0,2.0,97.106,35.061,43.365,18.68,297.0,MEDIUM
PER,33.0,2.0,99.409,35.006,43.257,21.146,297.0,MEDIUM
PER,34.0,5.0,114.946,53.934,42.674,18.338,305.0,HARD
PER,35.0,4.0,93.945,33.433,42.191,18.321,305.0,HARD
PER,36.0,3.0,94.479,33.662,42.278,18.539,291.0,HARD
PER,37.0,2.0,94.808,34.02,42.307,18.481,298.0,HARD
PER,38.0,2.0,95.245,34.413,42.385,18.447,298.0,HARD
PER,39.0,2.0,94.99,34.223,42.294,18.473,296.0,HARD
PER,40.0,2.0,94.738,34.051,42.417,18.27,300.0,HARD
PER,41.0,2.0,95.03,34.136,42.423,18.471,301.0,HARD
PER,42.0,2.0,95.433,34.02,43.077,18.336,298.0,HARD
PER,43.0,2.0,95.099,33.973,42.725,18.401,297.0,HARD
PER,44.0,2.0,94.701,34.015,42.339,18.347,297.0,HARD
PER,45.0,2.0,94.996,34.1,42.464,18.432,295.0,HARD
PER,46.0,2.0,94.75,33.927,42.397,18.426,297.0,HARD
PER,47.0,2.0,95.056,34.058,42.474,18.524,298.0,HARD
PER,48.0,2.0,95.383,34.198,42.525,18.66,290.0,HARD
PER,49.0,2.0,95.035,34.003,42.537,18.495,295.0,HARD
PER,50.0,2.0,95.244,34.117,42.587,18.54,293.0,HARD
PER,51.0,2.0,94.89,33.957,42.55,18.383,300.0,HARD
PER,52.0,2.0,94.929,34.13,42.407,18.392,299.0,HARD
PER,53.0,2.0,94.728,33.931,42.384,18.413,301.0,HARD
SAI,1.0,6.0,137.613,,67.997,32.076,180.0,MEDIUM
SAI,2.0,4.0,,,55.565,41.069,244.0,MEDIUM
SAI,3.0,4.0,,,43.105,18.553,301.0,MEDIUM
SAI,4.0,4.0,97.225,35.406,43.259,18.56,300.0,MEDIUM
SAI,5.0,4.0,97.322,35.099,43.533,18.69,299.0,MEDIUM
SAI,6.0,4.0,97.721,35.423,43.562,18.736,297.0,MEDIUM
SAI,7.0,4.0,97.756,35.53,43.673,18.553,297.0,MEDIUM
SAI,8.0,4.0,97.736,35.544,43.61,18.582,299.0,MEDIUM
SAI,9.0,4.0,97.98,35.633,43.626,18.721,299.0,MEDIUM
SAI,10.0,4.0,98.304,35.782,43.746,18.776,298.0,MEDIUM
SAI,11.0,3.0,98.273,35.648,43.93,18.695,298.0,MEDIUM
SAI,12.0,3.0,97.847,35.511,43.617,18.719,296.0,MEDIUM
SAI,13.0,3.0,98.333,35.776,43.833,18.724,295.0,MEDIUM
SAI,14.0,3.0,98.504,35.794,43.861,18.849,294.0,MEDIUM
SAI,15.0,3.0,100.439,35.661,43.689,21.089,295.0,MEDIUM
SAI,16.0,7.0,116.159,54.516,43.041,18.602,293.0,MEDIUM
SAI,17.0,7.0,96.469,35.106,42.875,18.488,296.0,MEDIUM
SAI,18.0,7.0,96.698,35.072,43.179,18.447,301.0,MEDIUM
SAI,19.0,6.0,97.786,35.622,43.58,18.584,292.0,MEDIUM
SAI,20.0,6.0,97.314,35.072,43.475,18.767,299.0,MEDIUM
SAI,21.0,5.0,97.995,35.98,43.429,18.586,286.0,MEDIUM
SAI,22.0,5.0,96.575,34.861,43.148,18.566,293.0,MEDIUM
SAI,23.0,5.0,96.779,34.988,43.269,18.522,296.0,MEDIUM
SAI,24.0,5.0,96.805,35.02,43.226,18.559,296.0,MEDIUM
SAI,25.0,5.0,96.945,35.0,43.395,18.55,297.0,MEDIUM
SAI,26.0,3.0,97.137,35.136,43.448,18.553,300.0,MEDIUM
SAI,27.0,3.0,97.068,35.134,43.321,18.613,296.0,MEDIUM
SAI,28.0,3.0,96.845,35.048,43.195,18.602,296.0,MEDIUM
SAI,29.0,3.0,97.176,35.255,43.195,18.726,297.0,MEDIUM
SAI,30.0,3.0,97.01,35.234,43.204,18.572,296.0,MEDIUM
SAI,31.0,3.0,96.901,35.184,43.163,18.554,296.0,MEDIUM
SAI,32.0,3.0,97.106,35.216,43.238,18.652,297.0,MEDIUM
SAI,33.0,3.0,97.233,35.178,43.424,18.631,298.0,MEDIUM
SAI,34.0,2.0,96.901,35.252,43.177,18.472,297.0,MEDIUM
SAI,35.0,1.0,96.948,35.136,43.11,18.701999999999998,299.0,MEDIUM
SAI,36.0,2.0,99.31,35.183,43.17,20.957,300.0,MEDIUM
SAI,37.0,7.0,115.063,54.094,42.463,18.506,307.0,HARD
SAI,38.0,5.0,93.995,33.588,42.107,18.3,296.0,HARD
SAI,39.0,5.0,94.419,34.056,42.174,18.189,297.0,HARD
SAI,40.0,5.0,94.396,33.977,42.111,18.308,299.0,HARD
SAI,41.0,5.0,94.863,34.232,42.342,18.289,300.0,HARD
SAI,42.0,5.0,95.293,34.066,43.003,18.224,302.0,HARD
SAI,43.0,5.0,94.75,33.97,42.434,18.346,306.0,HARD
SAI,44.0,4.0,94.336,33.784,42.143,18.409,302.0,HARD
SAI,45.0,4.0,95.006,34.293,42.343,18.37,302.0,HARD
SAI,46.0,3.0,93.841,33.31,42.225,18.306,297.0,HARD
SAI,47.0,3.0,95.063,34.257,42.398,18.408,295.0,HARD
SAI,48.0,3.0,94.962,34.153,42.399,18.41,297.0,HARD
SAI,49.0,3.0,94.752,33.935,42.487,18.33,296.0,HARD
SAI,50.0,3.0,94.636,33.972,42.405,18.259,298.0,HARD
SAI,51.0,3.0,94.877,34.124,42.369,18.384,298.0,HARD
SAI,52.0,3.0,95.203,33.978,42.685,18.54,298.0,HARD
SAI,53.0,3.0,95.224,34.164,42.648,18.412,303.0,HARD
LEC,1.0,10.0,154.543,,77.828,37.701,151.0,MEDIUM
LEC,2.0,8.0,,,47.727,46.919,148.0,MEDIUM
LEC,3.0,7.0,,90.624,43.564,18.878,293.0,MEDIUM
LEC,4.0,7.0,98.268,35.805,43.656,18.807,301.0,MEDIUM
LEC,5.0,7.0,97.812,35.265,43.755,18.792,295.0,MEDIUM
LEC,6.0,7.0,98.021,35.45,43.788,18.783,297.0,MEDIUM
LEC,7.0,7.0,98.187,35.725,43.707,18.755,298.0,MEDIUM
LEC,8.0,7.0,97.92,35.499,43.706,18.715,302.0,MEDIUM
LEC,9.0,7.0,98.213,35.682,43.768,18.763,301.0,MEDIUM
LEC,10.0,7.0,99.034,36.074,44.059,18.901,301.0,MEDIUM
LEC,11.0,7.0,99.193,36.228,44.179,18.786,297.0,MEDIUM
LEC,12.0,5.0,98.883,35.996,43.969,18.918,297.0,MEDIUM
LEC,13.0,4.0,98.479,35.607,43.981,18.891,292.0,MEDIUM
LEC,14.0,4.0,98.595,35.883,43.792,18.92,293.0,MEDIUM
LEC,15.0,4.0,98.172,35.721,43.614,18.837,294.0,MEDIUM
LEC,16.0,2.0,97.876,35.533,43.482,18.861,293.0,MEDIUM
LEC,17.0,1.0,97.856,35.435,43.554,18.867,295.0,MEDIUM
LEC,18.0,1.0,97.76,35.551,43.501,18.708,295.0,MEDIUM
LEC,19.0,1.0,97.523,35.393,43.47,18.66,295.0,MEDIUM
LEC,20.0,1.0,97.48,35.344,43.542,18.594,294.0,MEDIUM
LEC,21.0,2.0,98.203,35.888,43.624,18.691,298.0,MEDIUM
LEC,22.0,2.0,97.744,35.399,43.593,18.752,295.0,MEDIUM
LEC,23.0,2.0,97.755,35.46,43.55,18.745,296.0,MEDIUM
LEC,24.0,2.0,98.071,35.654,43.621,18.796,295.0,MEDIUM
LEC,25.0,2.0,97.918,35.498,43.731,18.689,295.0,MEDIUM
LEC,26.0,4.0,103.175,35.536,46.559,21.08,298.0,MEDIUM
LEC,27.0,6.0,115.623,54.455,42.624,18.544,293.0,HARD
LEC,28.0,6.0,96.09,34.766,42.802,18.522,293.0,HARD
LEC,29.0,6.0,96.357,34.918,42.806,18.633,295.0,HARD
LEC,30.0,6.0,96.225,34.913,42.847,18.465,296.0,HARD
LEC,31.0,6.0,96.201,34.794,42.878,18.529,297.0,HARD
LEC,32.0,5.0,96.144,34.901,42.737,18.506,301.0,HARD
LEC,33.0,5.0,95.878,34.376,42.93,18.572,298.0,HARD
LEC,34.0,3.0,96.32,34.925,42.872,18.523,297.0,HARD
LEC,35.0,3.0,96.056,34.74,42.872,18.444,299.0,HARD
LEC,36.0,4.0,96.681,35.315,42.85,18.516,298.0,HARD
LEC,37.0,3.0,96.135,34.712,42.789,18.634,297.0,HARD
LEC,38.0,3.0,96.029,34.752,42.737,18.54,300.0,HARD
LEC,39.0,3.0,95.693,34.61,42.582,18.501,303.0,HARD
LEC,40.0,3.0,96.341,34.998,42.799,18.544,297.0,HARD
LEC,41.0,3.0,95.451,34.356,42.553,18.542,298.0,HARD
LEC,42.0,3.0,95.797,34.362,43.019,18.416,299.0,HARD
LEC,43.0,3.0,95.713,34.546,42.666,18.501,298.0,HARD
LEC,44.0,3.0,95.685,34.483,42.776,18.426,301.0,HARD
LEC,45.0,3.0,95.739,34.489,42.616,18.634,296.0,HARD
LEC,46.0,4.0,96.778,35.285,42.882,18.611,299.0,HARD
LEC,47.0,4.0,95.922,34.607,42.757,18.558,297.0,HARD
LEC,48.0,4.0,95.502,34.429,42.6,18.473,299.0,HARD
LEC,49.0,4.0,95.543,34.412,42.697,18.434,298.0,HARD
LEC,50.0,4.0,95.274,34.352,42.548,18.374,299.0,HARD
LEC,51.0,4.0,95.199,34.245,42.492,18.462,300.0,HARD
LEC,52.0,4.0,95.316,34.299,42.573,18.444,299.0,HARD
LEC,53.0,4.0,95.044,34.141,42.505,18.398,301.0,HARD
NOR,1.0,5.0,134.751,,65.666,32.333,179.0,MEDIUM
NOR,2.0,3.0,,,57.89,39.001,226.0,MEDIUM
NOR,3.0,3.0,,,43.152,18.525,293.0,MEDIUM
NOR,4.0,3.0,96.853,35.062,43.181,18.61,294.0,MEDIUM
NOR,5.0,3.0,96.86,34.856,43.348,18.656,296.0,MEDIUM
NOR,6.0,3.0,97.9,35.298,43.753,18.849,289.0,MEDIUM
NOR,7.0,3.0,97.742,35.209,43.702,18.831,288.0,MEDIUM
NOR,8.0,3.0,97.824,35.208,43.748,18.868,293.0,MEDIUM
NOR,9.0,3.0,97.963,35.354,43.68,18.929,292.0,MEDIUM
NOR,10.0,3.0,98.158,35.536,43.791,18.831,293.0,MEDIUM
NOR,11.0,4.0,100.76,35.613,43.963,21.184,294.0,MEDIUM
NOR,12.0,10.0,115.643,54.321,42.844,18.478,293.0,HARD
NOR,13.0,8.0,95.761,34.413,42.732,18.616,293.0,HARD
NOR,14.0,7.0,96.777,34.874,43.154,18.749,292.0,HARD
NOR,15.0,7.0,96.788,34.892,43.222,18.674,298.0,HARD
NOR,16.0,5.0,98.241,35.411,43.808,19.022,297.0,HARD
NOR,17.0,4.0,97.807,35.129,43.544,19.134,290.0,HARD
NOR,18.0,3.0,96.487,34.632,43.202,18.653,296.0,HARD
NOR,19.0,3.0,96.783,34.957,43.162,18.664,295.0,HARD
NOR,20.0,3.0,96.847,34.961,43.235,18.651,295.0,HARD
NOR,21.0,3.0,96.996,34.98,43.408,18.608,296.0,HARD
NOR,22.0,4.0,98.888,35.207,44.037,19.644,297.0,HARD
NOR,23.0,4.0,98.213,35.567,43.828,18.818,297.0,HARD
NOR,24.0,4.0,97.722,35.327,43.654,18.741,295.0,HARD
NOR,25.0,4.0,97.558,35.294,43.603,18.661,295.0,HARD
NOR,26.0,5.0,100.917,35.271,44.337,21.309,300.0,HARD
NOR,27.0,8.0,116.621,55.404,42.66,18.557,300.0,HARD
NOR,28.0,7.0,95.721,34.468,42.835,18.418,294.0,HARD
NOR,29.0,7.0,96.258,34.941,42.841,18.476,298.0,HARD
NOR,30.0,7.0,96.243,34.846,42.867,18.53,295.0,HARD
NOR,31.0,7.0,96.225,34.969,42.814,18.442,300.0,HARD
NOR,32.0,7.0,96.375,34.975,42.832,18.568,297.0,HARD
NOR,33.0,6.0,96.34,34.957,42.903,18.48,299.0,HARD
NOR,34.0,4.0,96.262,35.07,42.802,18.39,297.0,HARD
NOR,35.0,5.0,96.614,35.221,42.865,18.528,300.0,HARD
NOR,36.0,5.0,95.896,34.657,42.773,18.466,300.0,HARD
NOR,37.0,4.0,96.412,34.655,43.141,18.616,300.0,HARD
NOR,38.0,4.0,95.883,34.65,42.687,18.546,300.0,HARD
NOR,39.0,4.0,95.706,34.492,42.785,18.429,300.0,HARD
NOR,40.0,4.0,96.249,34.624,42.995,18.63,302.0,HARD
NOR,41.0,4.0,95.229,34.119,42.655,18.455,300.0,HARD
NOR,42.0,4.0,96.217,34.524,43.361,18.332,298.0,HARD
NOR,43.0,4.0,95.92,34.335,42.928,18.657,298.0,HARD
NOR,44.0,5.0,96.391,35.127,42.71,18.554,300.0,HARD
NOR,45.0,5.0,96.224,34.733,42.977,18.514,298.0,HARD
NOR,46.0,5.0,95.635,34.39,42.727,18.518,299.0,HARD
NOR,47.0,5.0,95.633,34.419,42.734,18.48,300.0,HARD
NOR,48.0,5.0,95.677,34.492,42.695,18.49,300.0,HARD
NOR,49.0,5.0,95.354,34.321,42.647,18.386,300.0,HARD
NOR,50.0,5.0,95.268,34.244,42.611,18.413,301.0,HARD
NOR,51.0,5.0,95.186,34.22,42.604,18.362,301.0,HARD
NOR,52.0,5.0,95.832,34.175,43.102,18.555,301.0,HARD
NOR,53.0,5.0,95.721,34.301,42.947,18.473,302.0,HARD
ALO,1.0,7.0,140.526,,69.943,32.569,196.0,SOFT
ALO,2.0,5.0,,,50.532,44.563,186.0,SOFT
ALO,3.0,5.0,,,43.268,18.703,300.0,SOFT
ALO,4.0,5.0,97.453,35.51,43.299,18.644,299.0,SOFT
ALO,5.0,5.0,97.532,35.258,43.547,18.727,299.0,SOFT
ALO,6.0,5.0,97.861,35.4,43.705,18.756,296.0,SOFT
ALO,7.0,5.0,98.203,35.735,43.71,18.758,299.0,SOFT
ALO,8.0,5.0,98.461,35.782,43.705,18.974,298.0,SOFT
ALO,9.0,5.0,98.884,35.887,43.921,19.076,296.0,SOFT
ALO,10.0,5.0,98.781,35.987,43.889,18.905,295.0,SOFT
ALO,11.0,5.0,98.943,35.987,43.997,18.959,295.0,SOFT
ALO,12.0,4.0,98.744,35.83,43.982,18.932,295.0,SOFT
ALO,13.0,5.0,100.816,35.625,43.968,21.223,295.0,SOFT
ALO,14.0,8.0,116.544,54.227,43.433,18.884,289.0,MEDIUM
ALO,15.0,8.0,97.453,35.447,43.299,18.707,294.0,MEDIUM
ALO,16.0,8.0,97.021,35.357,43.011,18.653,296.0,MEDIUM
ALO,17.0,8.0,96.999,35.356,42.956,18.687,297.0,MEDIUM
ALO,18.0,8.0,97.031,35.309,43.073,18.649,296.0,MEDIUM
ALO,19.0,8.0,96.821,35.098,43.127,18.596,298.0,MEDIUM
ALO,20.0,8.0,97.615,35.392,43.313,18.91,288.0,MEDIUM
ALO,21.0,8.0,97.565,35.334,43.406,18.825,303.0,MEDIUM
ALO,22.0,6.0,97.721,35.144,43.502,19.075,293.0,MEDIUM
ALO,23.0,6.0,97.64,35.236,43.52,18.884,295.0,MEDIUM
ALO,24.0,6.0,97.435,35.253,43.395,18.787,295.0,MEDIUM
ALO,25.0,6.0,97.423,35.22,43.483,18.72,295.0,MEDIUM
ALO,26.0,6.0,97.289,35.247,43.325,18.717,296.0,MEDIUM
ALO,27.0,4.0,97.359,35.232,43.367,18.76,295.0,MEDIUM
ALO,28.0,4.0,97.341,35.174,43.405,18.762,296.0,MEDIUM
ALO,29.0,4.0,97.782,35.509,43.309,18.964,296.0,MEDIUM
ALO,30.0,4.0,97.643,35.337,43.413,18.893,295.0,MEDIUM
ALO,31.0,4.0,97.451,35.308,43.38,18.763,295.0,MEDIUM
ALO,32.0,4.0,97.635,35.348,43.38,18.907,296.0,MEDIUM
ALO,33.0,4.0,99.794,35.389,43.453,20.951999999999998,297.0,MEDIUM
ALO,34.0,8.0,115.043,54.167,42.439,18.437,295.0,HARD
ALO,35.0,8.0,95.771,34.693,42.634,18.444,297.0,HARD
ALO,36.0,8.0,95.353,34.613,42.461,18.279,296.0,HARD
ALO,37.0,8.0,95.381,34.542,42.377,18.462,298.0,HARD
ALO,38.0,7.0,95.487,34.657,42.371,18.459,298.0,HARD
ALO,39.0,7.0,95.97,34.824,42.625,18.521,298.0,HARD
ALO,40.0,6.0,95.808,34.714,42.464,18.63,297.0,HARD
ALO,41.0,6.0,95.574,34.409,42.58,18.585,296.0,HARD
ALO,42.0,6.0,97.292,34.56,44.127,18.605,297.0,HARD
ALO,43.0,6.0,96.092,34.687,42.761,18.644,296.0,HARD
ALO,44.0,6.0,95.615,34.544,42.578,18.493,296.0,HARD
ALO,45.0,6.0,95.636,34.42,42.593,18.623,297.0,HARD
ALO,46.0,6.0,95.827,34.625,42.578,18.624,297.0,HARD
ALO,47.0,6.0,95.862,34.693,42.641,18.528,299.0,HARD
ALO,48.0,6.0,95.861,34.49,42.591,18.78,287.0,HARD
ALO,49.0,6.0,95.831,34.375,42.74,18.716,286.0,HARD
ALO,50.0,6.0,96.008,34.511,42.946,18.551,299.0,HARD
ALO,51.0,6.0,96.069,34.329,42.862,18.878,284.0,HARD
ALO,52.0,6.0,95.633,34.115,42.651,18.867,283.0,HARD
ALO,53.0,6.0,94.726,33.924,42.332,18.47,300.0,HARD
RUS,1.0,11.0,159.587,,78.942,41.309,142.0,MEDIUM
RUS,2.0,9.0,,,46.712,47.765,167.0,HARD
RUS,3.0,11.0,,89.261,44.66,18.853,296.0,HARD
RUS,4.0,10.0,98.976,36.014,43.918,19.044,305.0,HARD
RUS,5.0,9.0,97.737,35.486,43.61,18.641,298.0,HARD
RUS,6.0,9.0,98.392,35.689,43.805,18.898,298.0,HARD
RUS,7.0,9.0,98.07,35.576,43.679,18.815,299.0,HARD
RUS,8.0,9.0,98.192,35.712,43.769,18.711,299.0,HARD
RUS,9.0,9.0,98.253,35.718,43.68,18.855,298.0,HARD
RUS,10.0,9.0,98.368,35.7,43.824,18.844,301.0,HARD
RUS,11.0,9.0,98.949,35.861,44.209,18.879,301.0,HARD
RUS,12.0,8.0,99.212,35.925,44.315,18.972,301.0,HARD
RUS,13.0,6.0,98.989,35.848,44.313,18.828,301.0,HARD
RUS,14.0,5.0,98.428,35.474,44.065,18.889,295.0,HARD
RUS,15.0,5.0,98.565,35.73,43.92,18.915,296.0,HARD
RUS,16.0,3.0,98.658,35.693,44.042,18.923000000000002,294.0,HARD
RUS,17.0,3.0,99.417,36.016,44.411,18.99,297.0,HARD
RUS,18.0,5.0,100.317,36.537,44.194,19.586,276.0,HARD
RUS,19.0,5.0,98.392,35.636,43.882,18.874,296.0,HARD
RUS,20.0,5.0,98.463,35.591,44.024,18.848,296.0,HARD
RUS,21.0,6.0,99.492,36.048,44.456,18.988,300.0,HARD
RUS,22.0,7.0,100.895,35.758,44.026,21.111,297.0,HARD
RUS,23.0,9.0,115.552,54.686,42.375,18.491,293.0,HARD
RUS,24.0,8.0,95.149,34.356,42.322,18.471,292.0,HARD
RUS,25.0,8.0,95.673,34.38,42.769,18.524,294.0,HARD
RUS,26.0,8.0,95.775,34.524,42.725,18.526,295.0,HARD
RUS,27.0,7.0,97.28,35.722,43.012,18.546,299.0,HARD
RUS,28.0,8.0,97.564,35.752,43.178,18.634,298.0,HARD
RUS,29.0,8.0,96.699,35.09,42.956,18.653,300.0,HARD
RUS,30.0,8.0,96.493,34.974,42.949,18.57,299.0,HARD
RUS,31.0,8.0,96.776,35.019,43.11,18.647,298.0,HARD
RUS,32.0,8.0,96.744,34.984,42.93,18.83,299.0,HARD
RUS,33.0,7.0,96.383,34.868,42.9,18.615,299.0,HARD
RUS,34.0,6.0,96.704,35.021,42.991,18.692,298.0,HARD
RUS,35.0,6.0,96.47,34.85,42.992,18.628,299.0,HARD
RUS,36.0,6.0,96.468,34.718,43.105,18.645,298.0,HARD
RUS,37.0,5.0,98.83,34.759,43.26,20.811,298.0,HARD
RUS,38.0,9.0,113.925,53.528,41.902,18.495,294.0,MEDIUM
RUS,39.0,9.0,94.404,34.005,42.106,18.293,296.0,MEDIUM
RUS,40.0,8.0,94.537,33.931,42.253,18.353,296.0,MEDIUM
RUS,41.0,8.0,94.541,34.13,42.024,18.387,296.0,MEDIUM
RUS,42.0,8.0,95.299,34.104,42.758,18.437,297.0,MEDIUM
RUS,43.0,8.0,95.141,34.286,42.43,18.425,298.0,MEDIUM
RUS,44.0,8.0,94.834,34.142,42.29,18.402,299.0,MEDIUM
RUS,45.0,8.0,94.913,34.097,42.322,18.494,300.0,MEDIUM
RUS,46.0,8.0,95.115,34.155,42.443,18.517,301.0,MEDIUM
RUS,47.0,8.0,95.317,34.285,42.544,18.488,302.0,MEDIUM
RUS,48.0,8.0,95.423,34.368,42.505,18.55,306.0,MEDIUM
RUS,49.0,8.0,96.024,34.458,42.609,18.957,307.0,MEDIUM
RUS,50.0,8.0,96.465,34.683,43.167,18.615,304.0,MEDIUM
RUS,51.0,8.0,95.429,34.26,42.55,18.619,305.0,MEDIUM
RUS,52.0,8.0,95.743,34.392,42.708,18.643,304.0,MEDIUM
RUS,53.0,7.0,94.902,33.81,42.59,18.502,301.0,MEDIUM
PIA,1.0,8.0,144.356,,72.784,33.312,177.0,MEDIUM
PIA,2.0,6.0,,,51.586,44.538,167.0,MEDIUM
PIA,3.0,6.0,,97.585,43.7,18.776,298.0,MEDIUM
PIA,4.0,6.0,97.734,35.541,43.643,18.55,297.0,MEDIUM
PIA,5.0,6.0,97.631,35.214,43.757,18.66,298.0,MEDIUM
PIA,6.0,6.0,98.141,35.443,43.893,18.805,293.0,MEDIUM
PIA,7.0,6.0,98.191,35.722,43.803,18.666,297.0,MEDIUM
PIA,8.0,6.0,98.222,35.648,43.759,18.815,300.0,MEDIUM
PIA,9.0,6.0,98.5,35.87,43.822,18.808,301.0,MEDIUM
PIA,10.0,6.0,99.011,36.082,44.023,18.906,299.0,MEDIUM
PIA,11.0,6.0,99.245,36.199,44.168,18.878,298.0,MEDIUM
PIA,12.0,6.0,101.083,35.769,44.144,21.17,296.0,MEDIUM
PIA,13.0,11.0,118.558,56.066,43.82,18.672,298.0,HARD
PIA,14.0,9.0,97.675,35.136,43.763,18.776,294.0,HARD
PIA,15.0,9.0,97.377,35.232,43.413,18.732,291.0,HARD
PIA,16.0,9.0,97.058,34.97,43.432,18.656,295.0,HARD
PIA,17.0,9.0,96.747,35.099,43.051,18.597,299.0,HARD
PIA,18.0,9.0,96.822,35.01,43.236,18.576,298.0,HARD
PIA,19.0,9.0,96.782,35.051,43.143,18.588,300.0,HARD
PIA,20.0,9.0,96.984,35.098,43.326,18.56,299.0,HARD
PIA,21.0,9.0,97.416,35.276,43.47,18.67,300.0,HARD
PIA,22.0,9.0,98.625,35.613,44.097,18.915,304.0,HARD
PIA,23.0,7.0,98.919,35.757,43.971,19.191,303.0,HARD
PIA,24.0,7.0,97.175,35.019,43.461,18.695,297.0,HARD
PIA,25.0,7.0,97.776,35.295,43.689,18.792,297.0,HARD
PIA,26.0,7.0,97.364,35.168,43.409,18.787,298.0,HARD
PIA,27.0,5.0,97.389,35.266,43.409,18.714,297.0,HARD
PIA,28.0,5.0,97.438,35.217,43.536,18.685,298.0,HARD
PIA,29.0,5.0,97.771,35.343,43.399,19.029,297.0,HARD
PIA,30.0,5.0,97.946,35.3,43.394,19.252,297.0,HARD
PIA,31.0,5.0,97.845,35.356,43.595,18.894,296.0,HARD
PIA,32.0,6.0,99.482,35.221,43.456,20.805,297.0,HARD
PIA,33.0,9.0,115.493,54.288,42.571,18.634,295.0,HARD
PIA,34.0,9.0,95.255,34.409,42.365,18.481,299.0,HARD
PIA,35.0,9.0,94.802,34.135,42.289,18.378,298.0,HARD
PIA,36.0,9.0,95.128,34.246,42.444,18.438,301.0,HARD
PIA,37.0,9.0,95.4,34.278,42.601,18.521,304.0,HARD
PIA,38.0,8.0,95.267,34.347,42.482,18.438,303.0,HARD
PIA,39.0,8.0,96.036,34.647,42.862,18.527,303.0,HARD
PIA,40.0,7.0,95.888,34.505,42.723,18.66,302.0,HARD
PIA,41.0,7.0,95.545,34.323,42.7,18.522,302.0,HARD
PIA,42.0,7.0,97.548,34.548,44.495,18.505,301.0,HARD
PIA,43.0,7.0,95.841,34.549,42.672,18.62,301.0,HARD
PIA,44.0,7.0,95.539,34.265,42.741,18.533,303.0,HARD
PIA,45.0,7.0,95.648,34.356,42.723,18.569,301.0,HARD
PIA,46.0,7.0,95.755,34.416,42.794,18.545,302.0,HARD
PIA,47.0,7.0,95.891,34.506,42.802,18.583,304.0,HARD
PIA,48.0,7.0,95.898,34.538,42.77,18.59,302.0,HARD
PIA,49.0,7.0,96.179,34.313,42.902,18.964,302.0,HARD
PIA,50.0,7.0,96.228,34.548,42.997,18.683,300.0,HARD
PIA,51.0,7.0,95.429,34.133,42.635,18.661,303.0,HARD
PIA,52.0,7.0,96.164,34.223,42.772,19.169,303.0,HARD
PIA,53.0,8.0,96.611,34.846,43.014,18.751,303.0,HARD
HAM,1.0,9.0,152.716,,77.16,37.06,153.0,MEDIUM
HAM,2.0,7.0,,,49.281,46.041,130.0,HARD
HAM,3.0,8.0,,94.401,43.993,18.759,298.0,HARD
HAM,4.0,8.0,98.303,35.858,43.823,18.622,299.0,HARD
HAM,5.0,8.0,98.139,35.536,43.844,18.759,298.0,HARD
HAM,6.0,8.0,98.19,35.579,43.867,18.744,301.0,HARD
HAM,7.0,8.0,98.374,35.608,43.999,18.767,299.0,HARD
HAM,8.0,8.0,98.096,35.574,43.767,18.755,301.0,HARD
HAM,9.0,8.0,98.533,35.734,43.914,18.885,299.0,HARD
HAM,10.0,8.0,98.703,35.851,44.07,18.782,297.0,HARD
HAM,11.0,8.0,99.292,35.838,44.473,18.981,300.0,HARD
HAM,12.0,7.0,99.202,35.899,44.422,18.881,298.0,HARD
HAM,13.0,7.0,100.24,35.824,44.247,20.169,298.0,HARD
HAM,14.0,6.0,99.053,35.984,44.192,18.877,299.0,HARD
HAM,15.0,6.0,98.915,35.941,44.095,18.879,299.0,HARD
HAM,16.0,4.0,98.693,35.818,43.958,18.917,299.0,HARD
HAM,17.0,6.0,100.53,36.398,44.256,19.876,250.0,HARD
HAM,18.0,6.0,99.304,36.162,44.27,18.872,298.0,HARD
HAM,19.0,7.0,99.352,35.728,44.662,18.962,302.0,HARD
HAM,20.0,7.0,98.619,35.668,44.172,18.779,299.0,HARD
HAM,21.0,7.0,98.642,35.841,43.997,18.804,298.0,HARD
HAM,22.0,8.0,99.823,36.66,44.27,18.893,300.0,HARD
HAM,23.0,8.0,101.466,35.82,44.201,21.445,298.0,HARD
HAM,24.0,9.0,115.127,54.358,42.356,18.413,291.0,HARD
HAM,25.0,9.0,95.432,34.524,42.559,18.349,296.0,HARD
HAM,26.0,9.0,95.447,34.17,42.728,18.549,295.0,HARD
HAM,27.0,9.0,96.135,34.746,42.943,18.446,297.0,HARD
HAM,28.0,9.0,96.295,34.843,42.959,18.493,299.0,HARD
HAM,29.0,9.0,96.746,34.932,43.149,18.665,298.0,HARD
HAM,30.0,9.0,96.399,34.825,42.982,18.592,299.0,HARD
HAM,31.0,9.0,96.586,35.01,43.081,18.495,297.0,HARD
HAM,32.0,9.0,96.601,34.864,43.096,18.641,299.0,HARD
HAM,33.0,8.0,96.444,34.902,43.011,18.531,299.0,HARD
HAM,34.0,7.0,96.707,34.966,43.168,18.573,298.0,HARD
HAM,35.0,7.0,96.514,34.839,43.13,18.545,300.0,HARD
HAM,36.0,7.0,96.191,34.637,43.02,18.534,299.0,HARD
HAM,37.0,6.0,96.622,34.803,43.279,18.54,300.0,HARD
HAM,38.0,6.0,97.458,35.605,43.258,18.595,299.0,HARD
HAM,39.0,6.0,99.03,34.938,43.183,20.909,299.0,HARD
HAM,40.0,9.0,114.409,54.183,41.851,18.375,293.0,MEDIUM
HAM,41.0,9.0,93.952,33.633,42.033,18.286,296.0,MEDIUM
HAM,42.0,9.0,94.238,33.805,42.22,18.213,297.0,MEDIUM
HAM,43.0,9.0,94.082,33.727,42.033,18.322,297.0,MEDIUM
HAM,44.0,9.0,94.337,33.907,42.172,18.258,298.0,MEDIUM
HAM,45.0,9.0,94.791,34.053,42.355,18.383,298.0,MEDIUM
HAM,46.0,9.0,94.798,34.144,42.357,18.297,298.0,MEDIUM
HAM,47.0,9.0,94.679,33.889,42.469,18.321,299.0,MEDIUM
HAM,48.0,9.0,94.9,33.944,42.585,18.371,299.0,MEDIUM
HAM,49.0,9.0,95.047,34.013,42.648,18.386,300.0,MEDIUM
HAM,50.0,9.0,95.43,34.17,42.831,18.429,302.0,MEDIUM
HAM,51.0,9.0,95.476,34.439,42.639,18.398,302.0,MEDIUM
HAM,52.0,9.0,95.235,34.1,42.675,18.46,301.0,MEDIUM
HAM,53.0,9.0,95.773,34.41,42.789,18.574,303.0,MEDIUM
TSU,1.0,14.0,167.566,,83.186,44.247,124.0,MEDIUM
TSU,2.0,18.0,,,44.263,18.922,298.0,SOFT
TSU,3.0,9.0,,,,,,SOFT
TSU,4.0,9.0,99.108,35.86,44.164,19.084,299.0,SOFT
TSU,5.0,10.0,99.508,36.475,44.129,18.904,301.0,SOFT
TSU,6.0,10.0,98.887,35.735,44.173,18.979,300.0,SOFT
TSU,7.0,11.0,100.998,36.025,44.058,20.915,300.0,SOFT
TSU,8.0,16.0,118.044,55.92,43.131,18.993,296.0,HARD
TSU,9.0,16.0,97.17,35.101,43.277,18.792,299.0,HARD
TSU,10.0,16.0,97.496,35.203,43.432,18.861,300.0,HARD
TSU,11.0,16.0,97.895,35.353,43.739,18.803,301.0,HARD
TSU,12.0,16.0,100.057,35.858,44.84,19.359,308.0,HARD
TSU,13.0,14.0,98.98,36.358,43.714,18.908,301.0,HARD
TSU,14.0,14.0,98.51,35.514,44.056,18.94,302.0,HARD
TSU,15.0,15.0,99.925,35.947,44.85,19.128,307.0,HARD
TSU,16.0,15.0,100.096,36.519,44.623,18.954,304.0,HARD
TSU,17.0,14.0,97.944,35.252,43.885,18.807,302.0,HARD
TSU,18.0,14.0,99.27,35.75,44.437,19.083,306.0,HARD
TSU,19.0,14.0,99.658,36.249,44.228,19.181,306.0,HARD
TSU,20.0,14.0,99.1,35.735,44.445,18.92,304.0,HARD
TSU,21.0,14.0,99.562,35.84,44.74,18.982,302.0,HARD
TSU,22.0,15.0,101.916,35.995,44.556,21.365,301.0,HARD
TSU,23.0,12.0,117.251,55.471,43.026,18.754,293.0,HARD
TSU,24.0,12.0,96.637,34.996,42.983,18.658,293.0,HARD
TSU,25.0,12.0,97.073,35.392,43.059,18.622,295.0,HARD
TSU,26.0,12.0,97.037,35.304,43.137,18.596,295.0,HARD
TSU,27.0,12.0,97.184,35.46,43.065,18.659,296.0,HARD
TSU,28.0,12.0,97.227,35.392,43.076,18.759,296.0,HARD
TSU,29.0,12.0,97.319,35.475,43.131,18.713,297.0,HARD
TSU,30.0,12.0,97.617,35.559,43.271,18.787,297.0,HARD
TSU,31.0,12.0,97.676,35.451,43.378,18.847,299.0,HARD
TSU,32.0,12.0,98.624,35.816,43.812,18.996,302.0,HARD
TSU,33.0,11.0,98.692,36.191,43.56,18.941,295.0,HARD
TSU,34.0,10.0,97.793,35.51,43.459,18.824,296.0,HARD
TSU,35.0,10.0,97.626,35.486,43.317,18.823,296.0,HARD
TSU,36.0,10.0,97.103,35.104,43.297,18.701999999999998,297.0,HARD
TSU,37.0,10.0,97.419,35.247,43.293,18.879,296.0,HARD
TSU,38.0,10.0,97.442,35.197,43.464,18.781,296.0,HARD
TSU,39.0,10.0,97.595,35.475,43.373,18.747,296.0,HARD
TSU,40.0,10.0,97.441,35.316,43.385,18.74,296.0,HARD
TSU,41.0,10.0,97.297,35.296,43.254,18.747,296.0,HARD
TSU,42.0,10.0,97.493,35.328,43.355,18.81,296.0,HARD
TSU,43.0,10.0,97.498,35.495,43.276,18.727,296.0,HARD
TSU,44.0,10.0,97.329,35.264,43.254,18.811,296.0,HARD
TSU,45.0,10.0,97.25,35.295,43.172,18.783,295.0,HARD
TSU,46.0,10.0,97.046,35.179,43.154,18.713,297.0,HARD
TSU,47.0,10.0,97.106,35.12,43.194,18.792,296.0,HARD
TSU,48.0,10.0,97.038,35.184,43.104,18.75,296.0,HARD
TSU,49.0,10.0,96.557,34.954,42.994,18.609,296.0,HARD
TSU,50.0,10.0,96.388,34.779,42.921,18.688,297.0,HARD
TSU,51.0,10.0,96.342,34.822,42.963,18.557,298.0,HARD
TSU,52.0,10.0,98.195,35.844,43.767,18.584,301.0,HARD
HUL,1.0,12.0,162.853,,80.74,42.423,129.0,SOFT
HUL,2.0,10.0,,,46.261,48.445,208.0,SOFT
HUL,3.0,17.0,,88.496,45.229,19.286,297.0,SOFT
HUL,4.0,17.0,100.374,36.724,44.611,19.039,306.0,SOFT
HUL,5.0,18.0,101.491,36.317,44.25,20.924,305.0,SOFT
HUL,6.0,18.0,117.275,55.824,42.967,18.484,294.0,HARD
HUL,7.0,18.0,96.751,35.291,43.082,18.378,302.0,HARD
HUL,8.0,17.0,97.616,35.737,43.289,18.59,301.0,HARD
HUL,9.0,17.0,97.898,35.759,43.606,18.533,303.0,HARD
HUL,10.0,17.0,98.34,35.956,43.786,18.598,301.0,HARD
HUL,11.0,17.0,98.352,35.955,43.638,18.759,303.0,HARD
HUL,12.0,17.0,98.847,36.092,43.942,18.813,304.0,HARD
HUL,13.0,16.0,100.302,36.471,44.415,19.416,289.0,HARD
HUL,14.0,16.0,98.617,36.003,43.889,18.725,297.0,HARD
HUL,15.0,16.0,99.624,36.405,44.539,18.68,304.0,HARD
HUL,16.0,16.0,99.355,36.317,44.105,18.933,304.0,HARD
HUL,17.0,16.0,99.312,36.357,44.141,18.814,306.0,HARD
HUL,18.0,15.0,98.476,35.88,43.842,18.754,300.0,HARD
HUL,19.0,15.0,98.894,36.19,43.967,18.737,303.0,HARD
HUL,20.0,15.0,99.343,36.269,44.129,18.945,295.0,HARD
HUL,21.0,15.0,99.78,36.501,44.273,19.006,289.0,HARD
HUL,22.0,14.0,99.694,36.496,44.198,19.0,291.0,HARD
HUL,23.0,10.0,98.965,36.135,43.928,18.902,300.0,HARD
HUL,24.0,10.0,99.261,36.178,43.966,19.117,300.0,HARD
HUL,25.0,10.0,98.781,35.917,44.081,18.783,301.0,HARD
HUL,26.0,10.0,99.042,36.155,44.112,18.775,301.0,HARD
HUL,27.0,10.0,99.256,36.185,44.007,19.064,300.0,HARD
HUL,28.0,10.0,99.17,36.128,44.13,18.912,301.0,HARD
HUL,29.0,10.0,99.951,36.38,44.283,19.288,301.0,HARD
HUL,30.0,10.0,99.183,36.235,44.148,18.8,300.0,HARD
HUL,31.0,10.0,99.465,36.231,44.316,18.918,300.0,HARD
HUL,32.0,11.0,100.248,36.718,44.495,19.035,300.0,HARD
HUL,33.0,13.0,103.896,37.314,45.146,21.436,306.0,HARD
HUL,34.0,15.0,117.385,56.176,42.775,18.434,298.0,HARD
HUL,35.0,14.0,95.937,35.062,42.486,18.389,302.0,HARD
HUL,36.0,14.0,95.858,34.917,42.683,18.258,303.0,HARD
HUL,37.0,14.0,95.933,34.946,42.648,18.339,304.0,HARD
HUL,38.0,14.0,96.13,35.264,42.552,18.314,305.0,HARD
HUL,39.0,14.0,95.853,35.052,42.576,18.225,306.0,HARD
HUL,40.0,14.0,95.705,34.876,42.502,18.327,306.0,HARD
HUL,41.0,14.0,95.947,34.935,42.652,18.36,306.0,HARD
HUL,42.0,14.0,96.374,35.084,42.8,18.49,305.0,HARD
HUL,43.0,14.0,96.151,35.013,42.698,18.44,307.0,HARD
HUL,44.0,14.0,96.769,35.339,43.048,18.382,306.0,HARD
HUL,45.0,14.0,96.808,35.284,42.978,18.546,309.0,HARD
HUL,46.0,13.0,98.169,34.723,42.926,20.52,261.0,HARD
HUL,47.0,13.0,96.827,35.2,43.204,18.423,308.0,HARD
HUL,48.0,12.0,95.733,34.465,42.811,18.457,301.0,HARD
HUL,49.0,12.0,96.235,34.93,42.847,18.458,303.0,HARD
HUL,50.0,12.0,95.718,34.8,42.584,18.334,309.0,HARD
HUL,51.0,12.0,95.853,34.661,42.672,18.52,309.0,HARD
HUL,52.0,11.0,95.325,34.325,42.593,18.407,305.0,HARD
STR,1.0,17.0,179.595,,86.629,51.822,121.0,SOFT
STR,2.0,14.0,,,48.537,45.206,244.0,SOFT
STR,3.0,10.0,134.682,,44.866,19.252,296.0,SOFT
STR,4.0,11.0,99.528,36.379,44.265,18.884,302.0,SOFT
STR,5.0,11.0,99.552,36.195,44.172,19.185,303.0,SOFT
STR,6.0,11.0,98.746,35.622,44.199,18.925,292.0,SOFT
STR,7.0,10.0,98.624,35.863,43.832,18.929,293.0,SOFT
STR,8.0,10.0,98.61,35.783,43.867,18.96,294.0,SOFT
STR,9.0,10.0,98.881,35.977,43.935,18.969,293.0,SOFT
STR,10.0,10.0,99.052,36.006,44.041,19.005,293.0,SOFT
STR,11.0,10.0,99.103,35.978,44.125,19.0,293.0,SOFT
STR,12.0,9.0,101.638,36.035,44.258,21.345,294.0,SOFT
STR,13.0,15.0,116.221,54.666,42.891,18.664,294.0,MEDIUM
STR,14.0,15.0,97.935,35.636,43.593,18.706,300.0,MEDIUM
STR,15.0,13.0,98.125,35.618,43.481,19.026,290.0,MEDIUM
STR,16.0,13.0,99.274,35.918,44.065,19.291,297.0,MEDIUM
STR,17.0,12.0,98.057,35.629,43.589,18.839,297.0,MEDIUM
STR,18.0,11.0,98.843,35.501,44.208,19.134,303.0,MEDIUM
STR,19.0,12.0,99.757,36.33,44.379,19.048,300.0,MEDIUM
STR,20.0,12.0,99.248,35.822,44.46,18.966,299.0,MEDIUM
STR,21.0,12.0,99.552,35.859,44.731,18.962,296.0,MEDIUM
STR,22.0,12.0,102.328,36.035,44.449,21.844,298.0,MEDIUM
STR,23.0,11.0,116.743,55.229,42.773,18.741,295.0,HARD
STR,24.0,11.0,96.761,34.994,43.084,18.683,296.0,HARD
STR,25.0,11.0,96.995,35.236,43.139,18.62,297.0,HARD
STR,26.0,11.0,97.307,35.367,43.151,18.789,292.0,HARD
STR,27.0,11.0,97.244,35.314,43.16,18.77,293.0,HARD
STR,28.0,11.0,97.088,35.185,43.164,18.739,297.0,HARD
STR,29.0,11.0,97.633,35.486,43.386,18.761,295.0,HARD
STR,30.0,11.0,97.361,35.342,43.331,18.688,297.0,HARD
STR,31.0,11.0,97.729,35.408,43.47,18.851,299.0,HARD
STR,32.0,10.0,98.202,35.605,43.586,19.011,301.0,HARD
STR,33.0,10.0,99.609,36.585,44.11,18.914,291.0,HARD
STR,34.0,11.0,99.55,35.382,43.429,20.739,297.0,HARD
STR,35.0,13.0,113.728,53.224,41.947,18.557,294.0,SOFT
STR,36.0,13.0,95.973,34.832,42.673,18.468,293.0,SOFT
STR,37.0,13.0,96.284,34.782,42.762,18.74,294.0,SOFT
STR,38.0,13.0,96.356,34.904,42.838,18.614,293.0,SOFT
STR,39.0,13.0,96.614,35.212,42.743,18.659,294.0,SOFT
STR,40.0,13.0,95.844,34.592,42.607,18.645,295.0,SOFT
STR,41.0,13.0,95.798,34.43,42.798,18.57,296.0,SOFT
STR,42.0,13.0,96.556,34.711,43.19,18.655,296.0,SOFT
STR,43.0,12.0,96.503,34.749,43.089,18.665,298.0,SOFT
STR,44.0,11.0,96.485,34.701,43.105,18.679,300.0,SOFT
STR,45.0,11.0,96.806,34.907,43.277,18.622,297.0,SOFT
STR,46.0,11.0,96.35,34.609,42.99,18.751,291.0,SOFT
STR,47.0,11.0,96.704,34.8,43.109,18.795,294.0,SOFT
STR,48.0,11.0,98.033,34.619,43.068,20.346,219.0,SOFT
STR,49.0,11.0,96.381,34.751,42.969,18.661,294.0,SOFT
STR,50.0,11.0,96.165,34.462,43.069,18.634,296.0,SOFT
STR,51.0,11.0,96.27,34.492,42.926,18.852,295.0,SOFT
STR,52.0,12.0,99.818,35.758,43.278,20.782,257.0,SOFT
MAG,1.0,18.0,185.172,,88.402,55.147,123.0,MEDIUM
MAG,2.0,15.0,,,46.733,44.726,227.0,MEDIUM
MAG,3.0,15.0,132.996,68.747,45.117,19.132,301.0,MEDIUM
MAG,4.0,15.0,100.103,36.735,44.554,18.814,307.0,MEDIUM
MAG,5.0,15.0,99.392,36.288,44.278,18.826,306.0,MEDIUM
MAG,6.0,15.0,100.026,36.586,44.603,18.837,305.0,MEDIUM
MAG,7.0,14.0,100.357,36.824,44.474,19.059,305.0,MEDIUM
MAG,8.0,12.0,99.601,36.395,44.266,18.94,300.0,MEDIUM
MAG,9.0,12.0,100.251,36.807,44.4,19.044,297.0,MEDIUM
MAG,10.0,12.0,100.177,36.841,44.388,18.948,301.0,MEDIUM
MAG,11.0,12.0,99.9,36.701,44.257,18.942,302.0,MEDIUM
MAG,12.0,12.0,100.26,36.607,44.569,19.084,302.0,MEDIUM
MAG,13.0,9.0,99.267,36.061,44.27,18.936,292.0,MEDIUM
MAG,14.0,10.0,100.786,36.9,44.91,18.976,298.0,MEDIUM
MAG,15.0,10.0,99.373,36.273,44.29,18.81,301.0,MEDIUM
MAG,16.0,10.0,99.814,36.699,44.257,18.858,298.0,MEDIUM
MAG,17.0,10.0,99.728,36.516,44.338,18.874,299.0,MEDIUM
MAG,18.0,10.0,99.665,36.424,44.343,18.898,299.0,MEDIUM
MAG,19.0,10.0,99.538,36.438,44.295,18.805,298.0,MEDIUM
MAG,20.0,10.0,99.262,36.242,44.247,18.773,299.0,MEDIUM
MAG,21.0,10.0,99.545,36.376,44.316,18.853,298.0,MEDIUM
MAG,22.0,10.0,102.164,36.533,44.445,21.186,299.0,MEDIUM
MAG,23.0,14.0,121.576,59.681,43.157,18.738,304.0,HARD
MAG,24.0,13.0,96.654,35.152,43.007,18.495,301.0,HARD
MAG,25.0,13.0,97.033,35.287,43.19,18.556,297.0,HARD
MAG,26.0,13.0,97.145,35.497,43.233,18.415,304.0,HARD
MAG,27.0,13.0,97.395,35.533,43.286,18.576,302.0,HARD
MAG,28.0,13.0,97.504,35.641,43.356,18.507,303.0,HARD
MAG,29.0,13.0,97.888,35.705,43.571,18.612,303.0,HARD
MAG,30.0,13.0,98.014,35.748,43.633,18.633,302.0,HARD
MAG,31.0,13.0,98.498,35.9,43.781,18.817,302.0,HARD
MAG,32.0,13.0,98.657,36.033,43.776,18.848,299.0,HARD
MAG,33.0,12.0,98.58,35.912,43.84,18.828,300.0,HARD
MAG,34.0,12.0,97.93,35.636,43.667,18.627,303.0,HARD
MAG,35.0,11.0,98.046,35.67,43.646,18.73,296.0,HARD
MAG,36.0,11.0,98.078,35.813,43.586,18.679,301.0,HARD
MAG,37.0,11.0,97.662,35.455,43.443,18.764,300.0,HARD
MAG,38.0,11.0,97.789,35.622,43.476,18.691,300.0,HARD
MAG,39.0,11.0,97.553,35.416,43.487,18.65,302.0,HARD
MAG,40.0,11.0,97.542,35.427,43.508,18.607,302.0,HARD
MAG,41.0,11.0,97.513,35.384,43.521,18.608,301.0,HARD
MAG,42.0,11.0,97.968,35.401,43.692,18.875,298.0,HARD
MAG,43.0,11.0,97.376,35.358,43.384,18.634,300.0,HARD
MAG,44.0,12.0,97.475,35.457,43.284,18.734,301.0,HARD
MAG,45.0,12.0,97.674,35.407,43.626,18.641,302.0,HARD
MAG,46.0,12.0,98.332,35.79,43.798,18.744,304.0,HARD
MAG,47.0,12.0,98.707,35.559,44.4,18.748,305.0,HARD
MAG,48.0,13.0,98.319,36.163,43.494,18.662,305.0,HARD
MAG,49.0,13.0,97.519,35.374,43.567,18.578,303.0,HARD
MAG,50.0,13.0,97.42,35.312,43.481,18.627,304.0,HARD
MAG,51.0,13.0,98.878,36.111,44.113,18.654,302.0,HARD
MAG,52.0,13.0,97.822,35.526,43.648,18.648,305.0,HARD
BOT,1.0,13.0,164.736,,81.589,43.219,149.0,SOFT
BOT,2.0,11.0,,,47.639,46.812,174.0,SOFT
BOT,3.0,13.0,148.991,85.037,44.89,19.064,294.0,SOFT
BOT,4.0,13.0,99.462,36.346,44.258,18.858,299.0,SOFT
BOT,5.0,12.0,98.279,35.077,44.436,18.766,299.0,SOFT
BOT,6.0,12.0,101.288,35.946,44.383,20.959,296.0,SOFT
BOT,7.0,17.0,117.449,56.18,42.822,18.447,289.0,HARD
BOT,8.0,15.0,96.706,34.647,43.282,18.777,288.0,HARD
BOT,9.0,15.0,97.406,35.119,43.512,18.775,288.0,HARD
BOT,10.0,15.0,97.451,35.294,43.417,18.74,291.0,HARD
BOT,11.0,15.0,98.432,35.641,43.995,18.796,297.0,HARD
BOT,12.0,15.0,100.691,36.34,44.964,19.387,287.0,HARD
BOT,13.0,13.0,98.282,35.372,43.985,18.925,292.0,HARD
BOT,14.0,13.0,98.717,35.551,44.191,18.975,296.0,HARD
BOT,15.0,14.0,100.42,36.412,44.941,19.067,300.0,HARD
BOT,16.0,12.0,98.633,35.531,44.299,18.803,294.0,HARD
BOT,17.0,13.0,98.718,35.635,44.402,18.681,299.0,HARD
BOT,18.0,12.0,98.83,35.478,44.377,18.975,293.0,HARD
BOT,19.0,11.0,99.632,36.228,44.499,18.905,291.0,HARD
BOT,20.0,11.0,99.113,36.034,44.306,18.773,297.0,HARD
BOT,21.0,11.0,99.457,36.279,44.414,18.764,296.0,HARD
BOT,22.0,11.0,102.311,36.345,44.538,21.428,299.0,HARD
BOT,23.0,15.0,121.647,59.413,43.554,18.68,293.0,HARD
BOT,24.0,15.0,98.126,35.673,43.631,18.822,301.0,HARD
BOT,25.0,14.0,96.608,34.464,43.448,18.696,289.0,HARD
BOT,26.0,14.0,96.858,35.057,43.206,18.595,291.0,HARD
BOT,27.0,14.0,96.622,34.846,43.337,18.439,300.0,HARD
BOT,28.0,14.0,97.472,35.328,43.557,18.587,301.0,HARD
BOT,29.0,14.0,97.712,35.456,43.629,18.627,301.0,HARD
BOT,30.0,14.0,98.253,35.768,43.794,18.691,294.0,HARD
BOT,31.0,14.0,98.058,35.462,43.806,18.79,302.0,HARD
BOT,32.0,14.0,98.748,36.036,43.921,18.791,297.0,HARD
BOT,33.0,14.0,98.722,35.807,44.043,18.872,302.0,HARD
BOT,34.0,13.0,98.003,35.614,43.707,18.682,302.0,HARD
BOT,35.0,12.0,98.007,35.4,43.863,18.744,298.0,HARD
BOT,36.0,12.0,98.257,35.589,43.937,18.731,298.0,HARD
BOT,37.0,12.0,97.602,35.295,43.564,18.743,295.0,HARD
BOT,38.0,12.0,98.0,35.557,43.663,18.78,296.0,HARD
BOT,39.0,12.0,97.232,35.03,43.558,18.644,300.0,HARD
BOT,40.0,12.0,97.858,35.403,43.638,18.817,293.0,HARD
BOT,41.0,12.0,97.312,35.033,43.546,18.733,299.0,HARD
BOT,42.0,12.0,98.001,35.378,43.724,18.899,292.0,HARD
BOT,43.0,13.0,97.444,35.154,43.572,18.718,295.0,HARD
BOT,44.0,13.0,97.507,35.075,43.658,18.774,297.0,HARD
BOT,45.0,13.0,98.734,36.119,43.83,18.785,297.0,HARD
BOT,46.0,14.0,99.966,36.116,44.703,19.147,290.0,HARD
BOT,47.0,14.0,97.9,35.235,43.816,18.849,298.0,HARD
BOT,48.0,14.0,97.206,34.903,43.463,18.84,297.0,HARD
BOT,49.0,14.0,96.944,34.93,43.286,18.728,301.0,HARD
BOT,50.0,14.0,99.195,34.838,43.645,20.712,301.0,HARD
BOT,51.0,14.0,97.156,34.963,43.492,18.701,300.0,HARD
BOT,52.0,14.0,97.727,35.035,43.644,19.048,302.0,HARD
OCO,1.0,15.0,170.167,,84.316,45.396,115.0,SOFT
OCO,2.0,12.0,,,47.17,47.248,270.0,HARD
OCO,3.0,12.0,140.237,76.397,44.751,19.089,302.0,HARD
OCO,4.0,12.0,99.541,36.369,44.208,18.964,300.0,HARD
OCO,5.0,13.0,100.081,36.454,44.473,19.154,302.0,HARD
OCO,6.0,13.0,100.496,36.78,44.623,19.093,300.0,HARD
OCO,7.0,12.0,99.744,36.288,44.462,18.994,298.0,HARD
OCO,8.0,11.0,100.009,36.225,44.638,19.146,296.0,HARD
OCO,9.0,11.0,100.294,36.268,44.745,19.281,294.0,HARD
OCO,10.0,11.0,100.315,36.333,44.822,19.16,295.0,HARD
OCO,11.0,11.0,100.371,36.426,44.729,19.216,294.0,HARD
OCO,12.0,11.0,100.56,36.536,44.765,19.259,295.0,HARD
OCO,13.0,10.0,101.341,37.253,44.865,19.223,297.0,HARD
OCO,14.0,11.0,100.787,36.925,44.652,19.21,300.0,HARD
OCO,15.0,12.0,100.961,37.115,44.645,19.201,301.0,HARD
OCO,16.0,14.0,100.692,37.008,44.508,19.176,300.0,HARD
OCO,17.0,15.0,100.929,36.929,44.763,19.237,298.0,HARD
OCO,18.0,16.0,100.737,37.084,44.553,19.1,300.0,HARD
OCO,19.0,16.0,102.283,36.254,44.342,21.687,297.0,HARD
OCO,20.0,16.0,118.375,55.949,43.653,18.773,292.0,HARD
OCO,21.0,16.0,97.716,35.355,43.59,18.771,292.0,HARD
OCO,22.0,16.0,97.775,35.349,43.541,18.885,292.0,HARD
OCO,23.0,13.0,99.219,36.493,43.786,18.94,297.0,HARD
OCO,24.0,14.0,98.924,36.307,43.744,18.873,298.0,HARD
OCO,25.0,15.0,99.084,36.212,43.955,18.917,298.0,HARD
OCO,26.0,15.0,98.611,35.898,43.795,18.918,296.0,HARD
OCO,27.0,16.0,98.943,36.166,43.859,18.918,297.0,HARD
OCO,28.0,16.0,98.612,35.712,43.966,18.934,298.0,HARD
OCO,29.0,16.0,98.702,35.779,43.978,18.945,297.0,HARD
OCO,30.0,16.0,98.499,35.656,43.933,18.91,297.0,HARD
OCO,31.0,16.0,98.662,35.716,43.98,18.966,299.0,HARD
OCO,32.0,16.0,98.366,35.533,43.946,18.887,298.0,HARD
OCO,33.0,16.0,100.764,35.559,43.754,21.451,298.0,HARD
OCO,34.0,16.0,117.831,55.964,43.297,18.57,295.0,MEDIUM
OCO,35.0,16.0,97.126,35.156,43.358,18.612,295.0,MEDIUM
OCO,36.0,16.0,96.983,35.117,43.291,18.575,297.0,MEDIUM
OCO,37.0,16.0,98.763,35.182,44.096,19.485,283.0,MEDIUM
OCO,38.0,16.0,96.714,34.88,43.199,18.635,301.0,MEDIUM
OCO,39.0,16.0,97.058,34.945,43.411,18.701999999999998,299.0,MEDIUM
OCO,40.0,16.0,97.58,35.037,43.406,19.137,290.0,MEDIUM
OCO,41.0,15.0,99.008,36.091,44.241,18.676,298.0,MEDIUM
OCO,42.0,15.0,97.129,34.865,43.459,18.805,299.0,MEDIUM
OCO,43.0,15.0,97.478,35.112,43.498,18.868,297.0,MEDIUM
OCO,44.0,15.0,100.961,37.447,44.739,18.775,302.0,MEDIUM
OCO,45.0,15.0,96.983,34.933,43.237,18.813,302.0,MEDIUM
OCO,46.0,15.0,97.091,35.059,43.245,18.787,300.0,MEDIUM
OCO,47.0,15.0,97.381,35.056,43.458,18.867,299.0,MEDIUM
OCO,48.0,15.0,96.836,34.81,43.239,18.787,298.0,MEDIUM
OCO,49.0,15.0,96.691,34.735,43.248,18.708,297.0,MEDIUM
OCO,50.0,15.0,96.636,34.62,43.263,18.753,298.0,MEDIUM
OCO,51.0,15.0,96.831,34.767,43.263,18.801,298.0,MEDIUM
OCO,52.0,15.0,96.232,34.512,42.973,18.747,300.0,MEDIUM
GAS,1.0,16.0,173.223,,85.099,47.334,123.0,SOFT
GAS,2.0,13.0,,,48.342,45.231,277.0,HARD
GAS,3.0,14.0,138.362,74.063,45.103,19.196,298.0,HARD
GAS,4.0,14.0,99.925,36.68,44.41,18.835,296.0,HARD
GAS,5.0,14.0,99.473,36.122,44.509,18.842,304.0,HARD
GAS,6.0,14.0,100.257,36.667,44.516,19.074,302.0,HARD
GAS,7.0,13.0,100.248,36.461,44.726,19.061,300.0,HARD
GAS,8.0,13.0,101.363,37.525,44.759,19.079,300.0,HARD
GAS,9.0,13.0,100.78,36.84,44.704,19.236,299.0,HARD
GAS,10.0,13.0,101.117,36.846,44.878,19.393,291.0,HARD
GAS,11.0,14.0,101.628,37.365,45.056,19.207,298.0,HARD
GAS,12.0,14.0,101.107,36.798,45.061,19.248,300.0,HARD
GAS,13.0,17.0,102.475,37.619,45.216,19.64,300.0,HARD
GAS,14.0,17.0,101.773,37.405,45.186,19.182,299.0,HARD
GAS,15.0,17.0,101.38,37.047,45.092,19.241,300.0,HARD
GAS,16.0,17.0,103.476,36.884,44.836,21.756,296.0,HARD
GAS,17.0,17.0,118.732,56.331,43.543,18.858,297.0,MEDIUM
GAS,18.0,17.0,98.374,35.683,43.868,18.823,295.0,MEDIUM
GAS,19.0,17.0,98.599,35.764,43.918,18.917,294.0,MEDIUM
GAS,20.0,17.0,98.741,35.953,43.915,18.873,294.0,MEDIUM
GAS,21.0,17.0,98.415,35.664,43.851,18.9,294.0,MEDIUM
GAS,22.0,17.0,98.382,35.706,43.824,18.852,295.0,MEDIUM
GAS,23.0,17.0,99.816,36.281,44.48,19.055,298.0,MEDIUM
GAS,24.0,17.0,98.781,35.817,44.156,18.808,298.0,MEDIUM
GAS,25.0,17.0,99.034,35.854,44.108,19.072,297.0,MEDIUM
GAS,26.0,17.0,98.958,36.002,44.005,18.951,299.0,MEDIUM
GAS,27.0,17.0,98.902,35.94,43.985,18.977,299.0,MEDIUM
GAS,28.0,17.0,98.873,35.958,44.022,18.893,299.0,MEDIUM
GAS,29.0,17.0,99.052,36.038,44.122,18.892,298.0,MEDIUM
GAS,30.0,17.0,98.894,35.924,44.011,18.959,298.0,MEDIUM
GAS,31.0,17.0,99.45,36.074,44.302,19.074,299.0,MEDIUM
GAS,32.0,17.0,101.728,36.112,44.223,21.393,299.0,MEDIUM
GAS,33.0,17.0,117.833,55.446,43.566,18.821,298.0,HARD
GAS,34.0,17.0,98.671,35.397,43.833,19.441,288.0,HARD
GAS,35.0,17.0,97.656,35.565,43.366,18.725,301.0,HARD
GAS,36.0,17.0,97.283,35.261,43.349,18.673000000000002,300.0,HARD
GAS,37.0,17.0,98.426,36.064,43.658,18.704,300.0,HARD
GAS,38.0,17.0,96.756,34.95,43.183,18.623,301.0,HARD
GAS,39.0,17.0,100.223,36.267,43.762,20.194,298.0,HARD
GAS,40.0,17.0,98.072,35.041,44.271,18.76,305.0,HARD
GAS,41.0,16.0,97.477,34.976,43.914,18.587,301.0,HARD
GAS,42.0,16.0,97.014,34.965,43.408,18.641,297.0,HARD
GAS,43.0,16.0,96.799,35.047,43.044,18.708,298.0,HARD
GAS,44.0,16.0,97.201,35.111,43.19,18.9,299.0,HARD
GAS,45.0,16.0,96.942,35.011,43.136,18.795,299.0,HARD
GAS,46.0,16.0,96.997,35.067,43.222,18.708,299.0,HARD
GAS,47.0,16.0,96.759,34.987,43.131,18.641,300.0,HARD
GAS,48.0,16.0,96.642,34.847,43.208,18.587,300.0,HARD
GAS,49.0,16.0,98.65,34.862,44.189,19.599,284.0,HARD
GAS,50.0,16.0,100.961,37.653,44.508,18.8,302.0,HARD
GAS,51.0,16.0,97.721,35.321,43.56,18.84,301.0,HARD
GAS,52.0,16.0,97.505,35.149,43.604,18.752,301.0,HARD
SAR,1.0,19.0,188.456,,89.197,57.246,118.0,SOFT
SAR,2.0,16.0,,,44.751,44.921,278.0,HARD
SAR,3.0,18.0,132.603,67.556,45.219,19.828,284.0,HARD
SAR,4.0,18.0,100.424,36.434,44.774,19.216,295.0,HARD
SAR,5.0,17.0,99.668,36.207,44.33,19.131,300.0,HARD
SAR,6.0,17.0,99.582,36.092,44.349,19.141,297.0,HARD
SAR,7.0,15.0,100.055,36.282,44.698,19.075,298.0,HARD
SAR,8.0,14.0,99.655,36.25,44.365,19.04,303.0,HARD
SAR,9.0,14.0,100.871,36.826,44.553,19.492,303.0,HARD
SAR,10.0,14.0,100.916,36.7,44.669,19.547,283.0,HARD
SAR,11.0,13.0,99.348,35.793,44.379,19.176,295.0,HARD
SAR,12.0,13.0,99.911,36.178,44.696,19.037,296.0,HARD
SAR,13.0,12.0,100.197,36.308,44.799,19.09,300.0,HARD
SAR,14.0,12.0,99.713,36.063,44.664,18.986,303.0,HARD
SAR,15.0,11.0,99.368,35.94,44.433,18.995,299.0,HARD
SAR,16.0,11.0,99.404,36.187,44.304,18.913,300.0,HARD
SAR,17.0,11.0,99.216,36.019,44.312,18.885,301.0,HARD
SAR,18.0,13.0,100.309,36.778,44.529,19.002,301.0,HARD
SAR,19.0,13.0,99.537,36.269,44.285,18.983,302.0,HARD
SAR,20.0,13.0,98.968,35.84,44.315,18.813,303.0,HARD
SAR,21.0,13.0,99.612,36.089,44.653,18.87,300.0,HARD
SAR,22.0,13.0,101.989,35.981,44.492,21.516,302.0,HARD
SAR,23.0,16.0,121.843,59.193,43.806,18.844,301.0,HARD
SAR,24.0,16.0,98.094,35.154,43.871,19.069,303.0,HARD
SAR,25.0,16.0,98.43,35.477,43.867,19.086,306.0,HARD
SAR,26.0,16.0,98.485,36.002,43.594,18.889,304.0,HARD
SAR,27.0,15.0,96.59,34.705,43.223,18.662,299.0,HARD
SAR,28.0,15.0,97.429,35.237,43.45,18.742,299.0,HARD
SAR,29.0,15.0,97.679,35.398,43.48,18.801,299.0,HARD
SAR,30.0,15.0,97.511,35.392,43.379,18.74,299.0,HARD
SAR,31.0,15.0,97.495,35.395,43.345,18.755,302.0,HARD
SAR,32.0,15.0,97.761,35.405,43.568,18.788,302.0,HARD
SAR,33.0,15.0,98.166,35.552,43.742,18.872,302.0,HARD
SAR,34.0,14.0,100.392,35.473,43.909,21.01,302.0,HARD
SAR,35.0,15.0,116.181,55.541,42.269,18.371,298.0,MEDIUM
SAR,36.0,15.0,95.497,34.28,42.681,18.536,295.0,MEDIUM
SAR,37.0,15.0,96.103,34.776,42.808,18.519,299.0,MEDIUM
SAR,38.0,15.0,96.149,34.663,42.897,18.589,297.0,MEDIUM
SAR,39.0,15.0,96.25,34.824,42.88,18.546,297.0,MEDIUM
SAR,40.0,15.0,96.282,34.792,43.001,18.489,300.0,MEDIUM
SAR,41.0,17.0,143.782,34.81,86.327,22.645,249.0,MEDIUM
SAR,42.0,17.0,115.171,54.541,42.14,18.49,298.0,SOFT
SAR,43.0,17.0,94.9,34.268,42.201,18.431,298.0,SOFT
SAR,44.0,17.0,95.087,34.258,42.339,18.49,298.0,SOFT
SAR,45.0,17.0,95.35,34.427,42.489,18.434,298.0,SOFT
SAR,46.0,17.0,95.778,34.664,42.607,18.507,297.0,SOFT
SAR,47.0,17.0,95.701,34.592,42.569,18.54,298.0,SOFT
SAR,48.0,17.0,95.837,34.679,42.754,18.404,298.0,SOFT
SAR,49.0,17.0,95.619,34.393,42.789,18.437,299.0,SOFT
SAR,50.0,17.0,95.49,34.275,42.751,18.464,299.0,SOFT
SAR,51.0,17.0,95.233,34.224,42.566,18.443,299.0,SOFT
SAR,52.0,17.0,97.715,34.322,44.842,18.551,299.0,SOFT
ZHO,1.0,20.0,195.118,,90.308,62.545,118.0,MEDIUM
ZHO,2.0,17.0,,,46.496,39.651,242.0,SOFT
ZHO,3.0,16.0,129.289,65.121,44.909,19.259,292.0,SOFT
ZHO,4.0,16.0,100.228,36.656,44.602,18.97,302.0,SOFT
ZHO,5.0,16.0,99.597,36.238,44.522,18.837,301.0,SOFT
ZHO,6.0,16.0,99.991,36.364,44.705,18.922,302.0,SOFT
ZHO,7.0,16.0,102.874,36.61,44.661,21.603,301.0,SOFT
ZHO,8.0,18.0,118.402,56.403,43.265,18.734,291.0,HARD
ZHO,9.0,18.0,97.16,35.194,43.257,18.709,292.0,HARD
ZHO,10.0,18.0,97.5,35.186,43.455,18.859,288.0,HARD
ZHO,11.0,18.0,101.117,35.334,43.688,22.095,288.0,HARD
ZHO,12.0,18.0,128.193,59.412,46.811,21.97,285.0,HARD
RIC,1.0,2.0,,,,,,MEDIUM
ALB,1.0,3.0,,,,,,SOFT
